<?xml version="1.0"?>
<soapenv:Envelope xmlns:soapenv="http://schemas.xmlsoap.org/soap/envelope/">
  <soapenv:Header/>
  <soapenv:Body>
    <air:AirPriceReq xmlns:air="http://www.travelport.com/schema/air_v51_0" xmlns:common_v51_0="http://www.travelport.com/schema/common_v51_0" xmlns:univ="http://www.travelport.com/schema/universal_v51_0" TargetBranch="P3763969" TraceId="ea6019faeee38a46698c3c7dc1884838">
      <com:BillingPointOfSaleInfo xmlns:com="http://www.travelport.com/schema/common_v51_0" OriginApplication="UAPI"/>
      <air:AirItinerary>
        <air:AirSegment ProviderCode="1G" Key="Rq/tL/LAuDKAIZeGAiAAAA==" Group="0" Carrier="MS" FlightNumber="60" Origin="CAI" Destination="LXR" DepartureTime="2024-07-26T00:30:00.000+03:00" ArrivalTime="2024-07-26T01:30:00.000+03:00" FlightTime="60" Distance="317" ETicketability="Yes" Equipment="738" ChangeOfPlane="false" ParticipantLevel="Secure Sell" LinkAvailability="true" PolledAvailabilityOption="Cached status used. Polled avail exists" OptionalServicesIndicator="false" AvailabilitySource="P" AvailabilityDisplayType="Fare Shop/Optimal Shop"/>
      </air:AirItinerary>
      <air:AirPricingModifiers CurrencyType="SAR"/>
      <com:SearchPassenger xmlns:com="http://www.travelport.com/schema/common_v51_0" Code="ADT" Age="41" BookingTravelerRef="NTcwMDAwODQ2M2VlMGYwNzJiZTcwMC4yNTI1MDk5Nw=="/>
      <air:AirPricingCommand/>
    </air:AirPriceReq>
  </soapenv:Body>
</soapenv:Envelope>
