<?xml version="1.0"?>
<soapenv:Envelope xmlns:soapenv="http://schemas.xmlsoap.org/soap/envelope/">
  <soapenv:Header/>
  <soapenv:Body>
    <air:LowFareSearchReq xmlns:air="http://www.travelport.com/schema/air_v51_0" xmlns:com="http://www.travelport.com/schema/common_v51_0" SolutionResult="false" TargetBranch="P3763969" TraceId="4ccc4914e12eb659e7e3525043bd4865">
      <com:BillingPointOfSaleInfo OriginApplication="UAPI"/>
      <air:SearchAirLeg>
        <air:SearchOrigin>
          <com:CityOrAirport Code="DXB"/>
        </air:SearchOrigin>
        <air:SearchDestination>
          <com:CityOrAirport Code="IST"/>
        </air:SearchDestination>
        <air:SearchDepTime PreferredTime="2024-05-17">
          <com:SearchExtraDays DaysBefore="3" DaysAfter="3"/>
        </air:SearchDepTime>
        <air:AirLegModifiers>
          <air:PermittedCabins>
            <com:CabinClass Type="Business"/>
          </air:PermittedCabins>
        </air:AirLegModifiers>
      </air:SearchAirLeg>
      <air:AirSearchModifiers>
        <air:PreferredProviders>
          <com:Provider Code="1G"/>
        </air:PreferredProviders>
        <air:FlightType NonStopDirects="true"/>
      </air:AirSearchModifiers>
      <com:SearchPassenger Code="ADT" Age="30"/>
      <air:AirPricingModifiers CurrencyType="SAR"/>
    </air:LowFareSearchReq>
  </soapenv:Body>
</soapenv:Envelope>
